0,Administració d'Empreses i Gestió de la Innovació "Tecnocampus"
1,Administració d'Empreses i Gestió de la Innovació "Tecnocampus" (docència en Anglès)
2,Administració d'Empreses i Gestió de la Innovació / Màrqueting i Comunitats Digitals "Tecnocampus" (simultaneïtat)
3,Administració d'Empreses i Gestió de la Innovació / Turisme i Gestió del Lleure "Tecnocampus" (simultaneïtat)
4,Administració i Direcció d'Empreses
5,Administració i Direcció d'Empreses "Centre Universitari EAE"
6,Administració i Direcció d'Empreses "Centre Universitari EAE" (docència en Anglès)
7,Administració i Direcció d'Empreses "Centre Universitari EAE" (semipresencial)
8,Administració i Direcció d'Empreses "EUNCET"
9,Administració i Direcció d'Empreses "EUNCET" (semipresencial)
10,Administració i Direcció d'Empreses "EUNCET" / Màrqueting i Comunicació Digital "EUNCET" (simultaneïtat)
11,Administració i Direcció d'Empreses "IGEMA"
12,Administració i Direcció d'Empreses (Campus Manresa)
13,Administració i Direcció d'Empreses (docència en Anglès)
14,Administració i Direcció d'Empreses / Dret (simultaneïtat)
15,Administració i Direcció d'Empreses / Economia (simultaneïtat)
16,Administració i Direcció d'Empreses / Enginyeria Informàtica (simultaneïtat)
17,Administració i Direcció d'Empreses / Enginyeria en Organització Industrial i Logística (simultaneïtat)
18,Administració i Direcció d'Empreses / Enginyeria en Tecnologies Industrials (simultaneïtat)
19,Administració i Direcció d'Empreses / Finances i Comptabilitat (simultaneïtat)
20,Administració i Direcció d'Empreses / Matemàtiques (simultaneïtat)
21,Administració i Direcció d'Empreses / Màrqueting "ESIC" (simultaneïtat)
22,Administració i Direcció d'Empreses / Química (simultaneïtat)
23,Administració i Direcció d'Empreses / Sociologia (simultaneïtat)
24,Administració i Direcció d'Empreses / Turisme (simultaneïtat)
25,Administració i Direcció d'Empreses i Transformació de Negocis "Centre Universitari EAE"
26,Anglès
27,Antropologia Social i Cultural
28,Antropologia i Evolució Humana (virtual o semipresencial)
29,Arqueologia
30,Arqueologia / Història (simultaneïtat)
31,Arquitectura
32,Arquitectura Estudis d'
33,Arquitectura Tècnica i Edificació
34,Arquitectura Tècnica i Edificació (semipresencial)
35,Arts Escèniques
36,Arts Escèniques "ERAM"
37,Arts i Disseny "Massana"
38,Audiologia General
39,Belles Arts
40,Belles Arts "BAU"
41,Bioinformàtica "ESCI" (docència en Anglès)
42,Bioinformàtica (docència en Anglès)
43,Biologia
44,Biologia / Biotecnologia (simultaneïtat)
45,Biologia / Ciències Ambientals (simultaneïtat)
46,Biologia Ambiental
47,Biologia Humana
48,Biomedicina
49,Bioquímica
50,Bioquímica i Biologia Molecular
51,Bioquímica i Biologia Molecular / Biotecnologia (simultaneïtat)
52,Biotecnologia
53,Biotecnologia / Enginyeria Informàtica (simultaneïtat)
54,Ciberseguretat "ENTI"
55,Cinematografia "ESCAC"
56,Ciència Política i Gestió Pública
57,Ciència Política i Gestió Pública / Dret (simultaneïtat)
58,Ciència Política i Gestió Pública / Sociologia (simultaneïtat)
59,Ciència Tecnologia i Humanitats
60,Ciència i Enginyeria de Dades
61,Ciència i Producció Animal / Veterinària (simultaneïtat)
62,Ciència i Tecnologia dels Aliments
63,Ciències
64,Ciències Ambientals
65,Ciències Ambientals / Geologia (simultaneïtat)
66,Ciències Biomèdiques
67,Ciències Culinàries i Gastronòmiques
68,Ciències Culinàries i Gastronòmiques "CETT"
69,Ciències Empresarials - Management
70,Ciències Polítiques i de l'Administració
71,Ciències Polítiques i de l'Administració / Dret (simultaneïtat)
72,Ciències de l'Activitat Física i de l'Esport
73,Ciències de l'Activitat Física i de l'Esport "EUSES"
74,Ciències de l'Activitat Física i de l'Esport "Tecnocampus"
75,Ciències de l'Activitat Física i de l'Esport / Educació Primària (menció en Educació Física) (simultaneïtat)
76,Ciències de l'Activitat Física i de l'Esport / Educació Primària (simultaneïtat)
77,Ciències de l'Activitat Física i de l'Esport / Fisioteràpia "EUSES" (simultaneïtat)
78,Ciències de l'Activitat Física i de l'Esport / Fisioteràpia "Tecnocampus" (simultaneïtat)
79,Ciències de l'Activitat Física i de l'Esport / Fisioteràpia (simultaneïtat)
80,Ciències de l'Antiguitat
81,Ciències del Mar
82,Ciències i Tecnologies Aplicades a l'Esport i al Fitnes
83,Ciències i Tecnologies Aplicades a l'Esport i al Fitnes "EUNCET"
84,Ciències i Tecnologies del Mar
85,Comptabilitat i Finances
86,Comunicació Audiovisual
87,Comunicació Audiovisual / Gestió d'Informació i Documentació Digital (simultaneïtat)
88,Comunicació Audiovisual i Multimèdia "ERAM"
89,Comunicació Audiovisual i Multimèdia "ERAM" (docència en Anglès)
90,Comunicació Cultural
91,Comunicació Interactiva
92,Comunicació de les Organitzacions
93,Comunicació i Indústries Culturals
94,Comunicació i Periodisme Audiovisuals
95,Conservació - Restauració de Béns Culturals
96,Conservació de la Natura / Enginyeria Forestal (simultaneïtat)
97,Criminologia
98,Criminologia "ESERP"
99,Criminologia / Dret (simultaneïtat)
100,Criminologia i Polítiques Públiques de Prevenció
101,Criminologia i Polítiques Públiques de Prevenció / Dret (simultaneïtat)
102,Direcció Hotelera
103,Direcció d'Empreses Hoteleres i Gastronòmiques
104,Direcció i Gestió Gastronòmica "Barcelona Culinary Hub"
105,Direcció i Gestió d'Empreses en l'Àmbit Digital "ESIC"
106,Disseny
107,Disseny "BAU"
108,Disseny "Eina"
109,Disseny Animació i Art Digital
110,Disseny Animació i Art Digital per a Videojocs i Jocs Aplicats "ENTI"
111,Disseny Digital i Tecnologies Creatives
112,Disseny Digital i Tecnologies Multimèdia
113,Disseny i Desenvolupament de Videojocs
114,Disseny i Desenvolupament de Videojocs (Campus Terrassa)
115,Disseny i Desenvolupament de Videojocs (docència en Anglès) (Campus Barcelona)
116,Disseny i Desenvolupament de Videojocs i Jocs Aplicats "ENTI"
117,Disseny i Innovació "ELISAVA"
118,Disseny i Producció de Videojocs "Tecnocampus"
119,Disseny i Producció de Videojocs / Enginyeria Informàtica de Gestió i Sistemes d'Informació "Tecnocampus" (simultaneïtat)
120,Dret
121,Dret "ESERP"
122,Dret / Administració i Direcció d'Empreses - Economia (agrupació de simultaneïtat)
123,Dret / Gestió i Administració Pública (simultaneïtat)
124,Dret / Relacions Internacionals (simultaneïtat)
125,Dret / Relacions Laborals (simultaneïtat)
126,Dret / Relacions Laborals i Recursos Humans (simultaneïtat)
127,Economia
128,Economia (docència en Anglès)
129,Economia / Estadística (simultaneïtat)
130,Economia / Filosofia (simultaneïtat)
131,Educació Infantil
132,Educació Infantil (Campus Manresa)
133,Educació Infantil / Educació Primària (pla de millora de la formació inicial de Mestre - 5 anys) (menció en Llengua Anglesa) (simultaneïtat)
134,Educació Infantil / Educació Primària (pla de millora de la formació inicial de Mestre - 5 anys) (simultaneïtat)
135,Educació Primària
136,Educació Primària (docència en Anglès)
137,Educació Primària (modalitat Bilingüe)
138,Educació Primària (modalitat dual)
139,Educació Social
140,Empresa Innovació i Tecnologia "EUNCET" (Campus 22@) (presencial)
141,Empresa Innovació i Tecnologia "EUNCET" (Campus 22@) (semipresencial)
142,Empresa Innovació i Tecnologia "EUNCET" (Campus Terrassa) (presencial)
143,Empresa Innovació i Tecnologia "EUNCET" (Campus Terrassa) (semipresencial)
144,Empresa Innovació i Tecnologia / Màrqueting Innovació i Tecnologia "EUNCET" (Campus 22@) (presencial) (simultaneïtat)
145,Empresa Innovació i Tecnologia / Màrqueting Innovació i Tecnologia "EUNCET" (Campus Terrassa) (presencial) (simultaneïtat)
146,Empresa Internacional (docència en Anglès)
147,Empresa i Tecnologia
148,Enginyeria Agroalimentària
149,Enginyeria Agrària i Alimentària
150,Enginyeria Alimentària
151,Enginyeria Ambiental
152,Enginyeria Biomèdica
153,Enginyeria Biomèdica / Enginyeria de Sistemes i Serveis de Telecomunicacions (simultaneïtat)
154,Enginyeria Civil
155,Enginyeria Civil Grau en + Màster universitari en Enginyeria de Camins Canals i Ports (PARS: Enginyer/a de Camins Canals i Ports)
156,Enginyeria Electrònica Industrial i Automàtica
157,Enginyeria Electrònica Industrial i Automàtica "EU Salesiana de Sarrià"
158,Enginyeria Electrònica Industrial i Automàtica / Enginyeria Mecànica "EU Salesiana de Sarrià" (simultaneïtat)
159,Enginyeria Electrònica Industrial i Automàtica / Enginyeria Mecànica / Enginyeria Química / Enginyeria de Recursos Minerals i el seu Reciclatge (agrupació)
160,Enginyeria Electrònica de Telecomunicació
161,Enginyeria Electrònica de Telecomunicació / Enginyeria Informàtica (simultaneïtat)
162,Enginyeria Elèctrica
163,Enginyeria Elèctrica / Enginyeria Electrònica Industrial i Automàtica (simultaneïtat)
164,Enginyeria Elèctrica / Enginyeria Electrònica Industrial i Automàtica / Enginyeria Mecànica (agrupació)
165,Enginyeria Elèctrica i Sistemes Ferroviaris / Enginyeria Electrònica Industrial i Automàtica / Enginyeria Mecànica (Agrupació)
166,Enginyeria Forestal
167,Enginyeria Física
168,Enginyeria Informàtica
169,Enginyeria Informàtica / Matemàtiques (simultaneïtat)
170,Enginyeria Informàtica Grau en + Màster Universitari en Enginyeria Informàtica (PARS: Enginyer/a Informàtic/a)
171,Enginyeria Informàtica de Gestió i Sistemes d'Informació "Tecnocampus"
172,Enginyeria Matemàtica en Ciència de Dades
173,Enginyeria Matemàtica i Física
174,Enginyeria Mecatrònica
175,Enginyeria Mecànica
176,Enginyeria Mecànica "EU Salesiana de Sarrià"
177,Enginyeria Química
178,Enginyeria d'Automoció "EU Salesiana de Sarrià"
179,Enginyeria d'Automoció (Campus Manresa)
180,Enginyeria d'Organització Industrial / Enginyeria Electrònica Industrial i Automàtica / Enginyeria Mecànica "Tecnocampus" (agrupació)
181,Enginyeria de Bioprocessos Alimentaris
182,Enginyeria de Ciències Agronòmiques
183,Enginyeria de Dades
184,Enginyeria de Disseny Industrial "ELISAVA"
185,Enginyeria de Disseny Industrial i Desenvolupament del Producte
186,Enginyeria de Materials
187,Enginyeria de Satèl·lits
188,Enginyeria de Sistemes Aeroespacials
189,Enginyeria de Sistemes Aeroespacials / Enginyeria de Sistemes de Telecomunicació - Enginyeria Telemàtica (agrupació de simultaneïtat)
190,Enginyeria de Sistemes Audiovisuals
191,Enginyeria de Sistemes Biològics
192,Enginyeria de Sistemes TIC (àmbit d'Informàtica i Comunicacions)
193,Enginyeria de Sistemes de Telecomunicació / Enginyeria Electrònica de Telecomunicació (agrupació)
194,Enginyeria de Sistemes de Telecomunicació / Enginyeria Informàtica (simultaneïtat)
195,Enginyeria de Sistemes de Telecomunicació / Enginyeria Telemàtica (inclou xarxes i Internet) (agrupació)
196,Enginyeria de Sistemes de Telecomunicació / Enginyeria Telemàtica (inclou xarxes i Internet) (febrer) (agrupació)
197,Enginyeria de Sistemes i Serveis de Telecomunicacions
198,Enginyeria de Tecnologia i Disseny Tèxtil / Enginyeria Elèctrica / Enginyeria Electrònica Industrial i Automàtica / Enginyeria Mecànica / Enginyeria Química (agrupació)
199,Enginyeria de Tecnologies i Serveis de Telecomunicació
200,Enginyeria de Tecnologies i Serveis de Telecomunicació Grau en + Màster Universitari en Enginyeria de Telecomunicació (PARS: Enginyer/a de Telecomunicació)
201,Enginyeria de Xarxes de Telecomunicació
202,Enginyeria de l'Automoció
203,Enginyeria de l'Energia
204,Enginyeria de l'Energia i Sostenibilitat / Enginyeria Mecànica (simultaneïtat)
205,Enginyeria de l'Energia i Sostenibilitat / Enginyeria en Electrònica Industrial i Automàtica / Enginyeria Mecànica (agrupació)
206,Enginyeria de l'Energia i Sostenibilitat / Enginyeria en Electrònica Industrial i Automàtica / Enginyeria Mecànica (agrupació) Grau en + Màster Universitari en Enginyeria Industrial (PARS: Enginyer/a Industrial)
207,Enginyeria de l'Energia i Sostenibilitat Enginyeria en Electrònica Industrial i Automàtica Enginyeria Mecànica (agrupació) Grau en + Màster Universitari en Enginyeria Industrial (PARS: Enginyer/a Industrial)
208,Enginyeria en Energies Renovables i Eficiència Energètica "EU Salesiana de Sarrià"
209,Enginyeria en Geoinformació i Geomàtica
210,Enginyeria en Informàtica
211,Enginyeria en Organització Industrial "EU Salesiana de Sarrià"
212,Enginyeria en Organització Industrial i Logística / Enginyeria Química (agrupació)
213,Enginyeria en Sistemes Audiovisuals
214,Enginyeria en Sistemes i Tecnologia Naval
215,Enginyeria en Tecnologies Aeroespacials Grau en + Màster Universitari en Enginyeria Aeronàutica (PARS: Enginyer/a Aeronàutic/a)
216,Enginyeria en Tecnologies Industrials
217,Enginyeria en Tecnologies Industrials Grau en + Màster Universitari en Enginyeria Industrial (PARS: Enginyer/a Industrial)
218,Enginyeria en Vehicles Aeroespacials
219,Enologia
220,Estadística
221,Estadística Aplicada
222,Estadística Aplicada / Sociologia (simultaneïtat)
223,Estudis Anglesos
224,Estudis Anglesos (docència en Anglès)
225,Estudis Anglesos / Llengües Aplicades i Traducció (simultaneïtat)
226,Estudis Globals
227,Estudis Globals (Només per a estudiants amb uns estudis de batxillerat o equivalent que NO pertanyin a sistemes educatius de la Unió Europea ni d'altres estats amb acords de reciprocitats)
228,Estudis Globals / Global Studies (docència en Anglès)
229,Estudis Globals / Global Studies (docència en Anglès) / Turisme (simultaneïtat)
230,Estudis Internacionals d'Economia i Empresa - International Business Economics (docència en Anglès)
231,Estudis Literaris
232,Estudis Socioculturals de Gènere
233,Estudis d'Anglès i Català
234,Estudis d'Anglès i Espanyol
235,Estudis d'Anglès i Francès
236,Estudis d'Anglès i de Clàssiques
237,Estudis d'Espanyol i Xinès: Llengua Literatura i Cultura
238,Estudis d'Àsia Oriental -Japonès-
239,Estudis d'Àsia Oriental -Xinès-
240,Estudis de Català i Espanyol
241,Estudis Àrabs i Hebreus
242,Farmàcia
243,Farmàcia / Nutrició Humana i Dietètica (simultaneïtat)
244,Filologia Catalana
245,Filologia Catalana / Filologia Hispànica (simultaneïtat)
246,Filologia Catalana i Estudis Occitans
247,Filologia Catalana i Estudis Occitans / Llengües Aplicades i Traducció (simultaneïtat)
248,Filologia Catalana: Estudis de Literatura i Lingüística
249,Filologia Clàssica
250,Filologia Hispànica
251,Filologia Hispànica / Llengües Aplicades i Traducció (simultaneïtat)
252,Filosofia
253,Filosofia Política i Economia
254,Finances i Comptabilitat
255,Fisioteràpia
256,Fisioteràpia "EUSES"
257,Fisioteràpia "Gimbernat"
258,Fisioteràpia "Tecnocampus"
259,Fisioteràpia (Campus Manresa)
260,Fisioteràpia (docència en Anglès) (només per a estudiants espanyols o estrangers amb residència)
261,Fisioteràpia (docència en Anglès) (només per a estudiants sense nacionalitat espanyola ni residència a l'Estat Espanyol)
262,Fisioteràpia / Infermeria (simultaneïtat)
263,Fisioteràpia / Nutrició Humana i Dietètica (simultaneïtat)
264,Formació del Professorat d'Educació Secundària Obligatòria i Batxillerat Formació Professional i Ensenyament d'Idiomes - Especialitat en Administració d'Empreses (semipresencial)
265,Formació del Professorat d'Educació Secundària Obligatòria i Batxillerat Formació Professional i Ensenyament d'Idiomes - Especialitat en Anglès (docència en anglès) (semipresencial)
266,Formació del Professorat d'Educació Secundària Obligatòria i Batxillerat Formació Professional i Ensenyament d'Idiomes - Especialitat en Anglès (presencial)
267,Formació del Professorat d'Educació Secundària Obligatòria i Batxillerat Formació Professional i Ensenyament d'Idiomes - Especialitat en Anglès (semipresencial)
268,Formació del Professorat d'Educació Secundària Obligatòria i Batxillerat Formació Professional i Ensenyament d'Idiomes - Especialitat en Anglès (virtual)
269,Formació del Professorat d'Educació Secundària Obligatòria i Batxillerat Formació Professional i Ensenyament d'Idiomes - Especialitat en Biologia - Geologia (presencial)
270,Formació del Professorat d'Educació Secundària Obligatòria i Batxillerat Formació Professional i Ensenyament d'Idiomes - Especialitat en Biologia - Geologia (semipresencial)
271,Formació del Professorat d'Educació Secundària Obligatòria i Batxillerat Formació Professional i Ensenyament d'Idiomes - Especialitat en Economia (semipresencial)
272,Formació del Professorat d'Educació Secundària Obligatòria i Batxillerat Formació Professional i Ensenyament d'Idiomes - Especialitat en Educació Física (semipresencial)
273,Formació del Professorat d'Educació Secundària Obligatòria i Batxillerat Formació Professional i Ensenyament d'Idiomes - Especialitat en Formació i Orientació Laboral (virtual)
274,Formació del Professorat d'Educació Secundària Obligatòria i Batxillerat Formació Professional i Ensenyament d'Idiomes - Especialitat en Francès (presencial)
275,Formació del Professorat d'Educació Secundària Obligatòria i Batxillerat Formació Professional i Ensenyament d'Idiomes - Especialitat en Física - Química (presencial)
276,Formació del Professorat d'Educació Secundària Obligatòria i Batxillerat Formació Professional i Ensenyament d'Idiomes - Especialitat en Física - Química (semipresencial)
277,Formació del Professorat d'Educació Secundària Obligatòria i Batxillerat Formació Professional i Ensenyament d'Idiomes - Especialitat en Geografia - Història (presencial)
278,Formació del Professorat d'Educació Secundària Obligatòria i Batxillerat Formació Professional i Ensenyament d'Idiomes - Especialitat en Geografia - Història (semipresencial)
279,Formació del Professorat d'Educació Secundària Obligatòria i Batxillerat Formació Professional i Ensenyament d'Idiomes - Especialitat en Llengua i Literatura Castellana (presencial)
280,Formació del Professorat d'Educació Secundària Obligatòria i Batxillerat Formació Professional i Ensenyament d'Idiomes - Especialitat en Llengua i Literatura Castellana (semipresencial)
281,Formació del Professorat d'Educació Secundària Obligatòria i Batxillerat Formació Professional i Ensenyament d'Idiomes - Especialitat en Llengua i Literatura Castellana (virtual)
282,Formació del Professorat d'Educació Secundària Obligatòria i Batxillerat Formació Professional i Ensenyament d'Idiomes - Especialitat en Llengua i Literatura Catalana (presencial)
283,Formació del Professorat d'Educació Secundària Obligatòria i Batxillerat Formació Professional i Ensenyament d'Idiomes - Especialitat en Llengua i Literatura Catalana (semipresencial)
284,Formació del Professorat d'Educació Secundària Obligatòria i Batxillerat Formació Professional i Ensenyament d'Idiomes - Especialitat en Llengua i Literatura Catalana (virtual)
285,Formació del Professorat d'Educació Secundària Obligatòria i Batxillerat Formació Professional i Ensenyament d'Idiomes - Especialitat en Matemàtiques (presencial)
286,Formació del Professorat d'Educació Secundària Obligatòria i Batxillerat Formació Professional i Ensenyament d'Idiomes - Especialitat en Matemàtiques (semipresencial)
287,Formació del Professorat d'Educació Secundària Obligatòria i Batxillerat Formació Professional i Ensenyament d'Idiomes - Especialitat en Matemàtiques (virtual)
288,Formació del Professorat d'Educació Secundària Obligatòria i Batxillerat Formació Professional i Ensenyament d'Idiomes - Especialitat en Música (presencial)
289,Formació del Professorat d'Educació Secundària Obligatòria i Batxillerat Formació Professional i Ensenyament d'Idiomes - Especialitat en Orientació Educativa (presencial)
290,Formació del Professorat d'Educació Secundària Obligatòria i Batxillerat Formació Professional i Ensenyament d'Idiomes - Especialitat en Orientació Educativa (virtual)
291,Formació del Professorat d'Educació Secundària Obligatòria i Batxillerat Formació Professional i Ensenyament d'Idiomes - Especialitat en Tecnologia (virtual)
292,Formació del Professorat d'Educació Secundària Obligatòria i Batxillerat Formació Professional i Ensenyament d'Idiomes - Especialitat en Tecnologia / Tecnologies Industrials (agrupació d'especialitats) (presencial)
293,Formació del Professorat d'Educació Secundària Obligatòria i Batxillerat Formació Professional i Ensenyament d'Idiomes - Especialitat en Tecnologia / Tecnologies Industrials (agrupació d'especialitats) (semipresencial)
294,Formació del Professorat d'Educació Secundària Obligatòria i Batxillerat Formació Professional i Ensenyaments d'Idiomes - Especialitat en Anglès (semipresencial)
295,Formació del Professorat d'Educació Secundària Obligatòria i Batxillerat Formació Professional i Ensenyaments d'Idiomes - Especialitat en Educació Física (semipresencial)
296,Formació del Professorat d'Educació Secundària Obligatòria i Batxillerat Formació Professional i Ensenyaments d'Idiomes - Especialitat en Llengua i Literatura Castellana (semipresencial)
297,Formació del Professorat d'Educació Secundària Obligatòria i Batxillerat Formació Professional i Ensenyaments d'Idiomes - Especialitat en Llengua i Literatura Catalana (semipresencial)
298,Formació del Professorat d'Educació Secundària Obligatòria i Batxillerat Formació Professional i Ensenyaments d'Idiomes - Especialitat en Música (semipresencial)
299,Formació del Professorat d'Educació Secundària Obligatòria i Batxillerat Formació Professional i Ensenyaments d'Idiomes - Especialitat en Tecnologia (presencial)
300,Formació del Professorat d'Educació Secundària Obligatòria i Batxillerat Formació Professional i Ensenyaments d'Idiomes - Especialitat en Tecnologies Industrials (presencial)
301,Formació del Professorat de Secundària Obligatòria i Batxillerat Formació Professional i Ensenyament d'Idiomes - Especialitat en Anglès (presencial)
302,Formació del Professorat de Secundària Obligatòria i Batxillerat Formació Professional i Ensenyament d'Idiomes - Especialitat en Biologia - Geologia (presencial)
303,Formació del Professorat de Secundària Obligatòria i Batxillerat Formació Professional i Ensenyament d'Idiomes - Especialitat en Dibuix (presencial)
304,Formació del Professorat de Secundària Obligatòria i Batxillerat Formació Professional i Ensenyament d'Idiomes - Especialitat en Educació Física (presencial)
305,Formació del Professorat de Secundària Obligatòria i Batxillerat Formació Professional i Ensenyament d'Idiomes - Especialitat en Filosofia (presencial)
306,Formació del Professorat de Secundària Obligatòria i Batxillerat Formació Professional i Ensenyament d'Idiomes - Especialitat en Física - Química (presencial)
307,Formació del Professorat de Secundària Obligatòria i Batxillerat Formació Professional i Ensenyament d'Idiomes - Especialitat en Geografia - Història (presencial)
308,Formació del Professorat de Secundària Obligatòria i Batxillerat Formació Professional i Ensenyament d'Idiomes - Especialitat en Llatí - Grec / Cultura Clàssica (agrupació d'especialitats) (presencial)
309,Formació del Professorat de Secundària Obligatòria i Batxillerat Formació Professional i Ensenyament d'Idiomes - Especialitat en Llengua i Literatura Castellana (presencial)
310,Formació del Professorat de Secundària Obligatòria i Batxillerat Formació Professional i Ensenyament d'Idiomes - Especialitat en Llengua i Literatura Catalana (presencial)
311,Formació del Professorat de Secundària Obligatòria i Batxillerat Formació Professional i Ensenyament d'Idiomes - Especialitat en Llengües Estrangeres (Francès Alemany i Italià) (presencial)
312,Formació del Professorat de Secundària Obligatòria i Batxillerat Formació Professional i Ensenyament d'Idiomes - Especialitat en Música (presencial)
313,Formació del Professorat de Secundària Obligatòria i Batxillerat Formació Professional i Ensenyament d'Idiomes - Especialitat en Serveis (presencial)
314,Formació del Professorat de Secundària i Batxillerat Formació Professional i Ensenyament d'Idiomes - Especialitat en Anglès (semipresencial)
315,Formació del Professorat de Secundària i Batxillerat Formació Professional i Ensenyament d'Idiomes - Especialitat en Educació Física (semipresencial)
316,Formació del Professorat de Secundària i Batxillerat Formació Professional i Ensenyament d'Idiomes - Especialitat en Geografia - Història (semipresencial)
317,Física
318,Física / Matemàtiques (simultaneïtat)
319,Física / Química (simultaneïtat)
320,Genètica
321,Geografia
322,Geografia Anàlisi Territorial i Sostenibilitat
323,Geografia Medi Ambient i Planificació Territorial
324,Geografia Territori i Medi Ambient
325,Geografia i Canvi Global
326,Geologia
327,Gestió Aeronàutica
328,Gestió Hotelera i Turística
329,Gestió d'Informació i Documentació Digital
330,Gestió de Ciutats Intel·ligents i Sostenibles
331,Gestió de la Societat Digital
332,Gestió de la Societat Digital (Campus Manresa)
333,Gestió en Turisme i Hoteleria
334,Gestió i Administració Pública
335,Grau Obert Programa de (agrupació)
336,Història
337,Història / Història de l'Art (simultaneïtat)
338,Història Política i Economia Contemporànies
339,Història de l'Art
340,Història de l'Art i Arqueologia
341,Història de l'Art i Gestió del Patrimoni Artístic
342,Humanitats
343,Infermeria
344,Infermeria "Escola Superior d'Infermeria del Mar"
345,Infermeria "Gimbernat"
346,Infermeria "Sant Joan de Déu"
347,Infermeria "Sant Pau"
348,Infermeria "Tecnocampus"
349,Infermeria (Campus Bellvitge)
350,Infermeria (Campus Clínic)
351,Infermeria (Campus Manresa)
352,Infermeria EUIT de Terrassa
353,Informàtica i Serveis
354,Innovació i Seguretat Alimentària
355,Intel·ligència Artificial
356,Intel·ligència Artificial / Artificial Intelligence (docència en Anglès)
357,Lingüística
358,Llengua i Literatura Catalanes
359,Llengua i Literatura Espanyoles
360,Llengua i Literatura Hispàniques
361,Llengües Aplicades
362,Llengües Aplicades / Traducció i Interpretació -Anglès- (simultaneïtat)
363,Llengües Romàniques i les seves Literatures
364,Llengües i Literatures Modernes
365,Logopèdia
366,Logística Empresarial "Mediterrani"
367,Logística i Negocis Marítims "Tecnocampus"
368,Matemàtica Computacional i Analítica de Dades
369,Matemàtiques
370,Medicina
371,Medicina (Campus Bellvitge)
372,Medicina (Campus Clínic)
373,Microbiologia
374,Mitjans Audiovisuals "Tecnocampus"
375,Moda "ERAM"
376,Multimèdia. Aplicacions i Videojocs
377,Musicologia
378,Màrqueting "ESIC"
379,Màrqueting "ESIC" (docència en Anglès)
380,Màrqueting "Mediterrani"
381,Màrqueting Innovació i Tecnologia "EUNCET" (Campus 22@) (presencial)
382,Màrqueting Innovació i Tecnologia "EUNCET" (Campus 22@) (semipresencial)
383,Màrqueting Innovació i Tecnologia "EUNCET" (Campus Terrassa) (presencial)
384,Màrqueting Innovació i Tecnologia "EUNCET" (Campus Terrassa) (semipresencial)
385,Màrqueting i Comunicació Digital "Centre Universitari EAE"
386,Màrqueting i Comunicació Digital "EAE"
387,Màrqueting i Comunicació Digital "EAE" (semipresencial)
388,Màrqueting i Comunicació Digital "EUNCET" (Campus Can Dragó)
389,Màrqueting i Comunicació Digital "EUNCET" (Campus Terrassa)
390,Màrqueting i Comunicació Digital "EUNCET" (semipresencial)
391,Màrqueting i Comunicació Empresarial
392,Màrqueting i Comunitats Digitals "Tecnocampus"
393,Màrqueting i Comunitats Digitals / Turisme i Gestió del Lleure "Tecnocampus"
394,Màrqueting i Comunitats Digitals / Turisme i Gestió del Lleure "Tecnocampus" (simultaneïtat)
395,Nanociència i Nanotecnologia
396,Negoci Digital i Innovació en Turisme "CETT"
397,Negoci Digital i Innovació en Turisme / Turisme "CETT" (simultaneïtat)
398,Negocis i Màrqueting Internacionals "ESCI"
399,Negocis i Màrqueting Internacionals - Bachelor in International Business and Marketing "ESCI"
400,Negocis i Màrqueting Internacionals - Bachelor in International Business and Marketing "ESCI" (docència en anglès)
401,Nom de l’Oferta
402,Nutrició Humana i Dietètica
403,Nutrició Humana i Dietètica "EUSES"
404,Nutrició Humana i Dietètica "Tecnocampus"
405,Nàutica i Transport Marítim
406,Odontologia
407,Odontologia (Campus Medicina Vic)
408,Paisatgisme
409,Pedagogia
410,Periodisme
411,Pilot d'Aviació Comercial i Operacions Aèries
412,Podologia
413,Podologia (Campus Manresa)
414,Prevenció i Seguretat Integral
415,Prevenció i Seguretat Integral (en xarxa)
416,Producció de Música i So per a la Indústria de l'Entreteniment "ENTI"
417,Psicologia
418,Publicitat Relacions Públiques i Màrqueting
419,Publicitat Relacions Públiques i Màrqueting "ESRP"
420,Publicitat i Relacions Públiques
421,Química
422,Química (docència en Anglès)
423,Relacions Internacionals
424,Relacions Laborals
425,Relacions Laborals i Recursos Humans
426,Seguretat
427,Sociologia
428,Tecnologies Industrials amb Anàlisi Econòmica Grau en + Màster Universitari en Enginyeria Industrial (PARS: Enginyer/a Industrial amb Anàlisi Econòmica)
429,Tecnologies Industrials amb Anàlisi Econòmica Grau en + Màster Universitari en Enginyeria Industrial (PARS: Enginyer/a Industrial amb Anàlisi Econòmica) (docència en Anglès)
430,Tecnologies Marines
431,Teràpia Ocupacional (presencial / semipresencial)
432,Teràpia Ocupacional (presencial/semipresencial)
433,Teràpia Ocupacional EUIT de Terrassa
434,Traducció i Interpretació -Alemany / Francès / Llengua de Signes Catalana-
435,Traducció i Interpretació -Alemany-
436,Traducció i Interpretació -Anglès-
437,Traducció i Interpretació -Francès-
438,Treball Social
439,Turisme
440,Turisme "CETT"
441,Turisme "CETT" (docència en Anglès)
442,Turisme "Euroaula"
443,Turisme "Formatic Barcelona"
444,Turisme "Mediterrani"
445,Turisme (docència en Anglès)
446,Turisme / Geografia Territori i Medi Ambient (simultaneïtat)
447,Turisme / Màrqueting "Mediterrani" (simultaneïtat)
448,Turisme / Publicitat i Relacions Públiques (simultaneïtat)
449,Veterinària
450,Òptica i Optometria
